[
    {
        "model": "access_control.api_token",
        "pk": 1,
        "fields": {
            "api_token_hash": "argon2$argon2id$v=19$m=102400,t=2,p=8$bUc4bk13R2RLSElVMlVoRENLeGoyaA$NMzcg5d9N6jufieKF+nADLa4AdLGdMb5lFVPN8zKPm0",
            "user": 5
        }
    },
    {
        "model": "access_control.user",
        "pk": 1,
        "fields": {
            "password": "argon2$argon2id$v=19$m=102400,t=2,p=8$bUc4bk13R2RLSElVMlVoRENLeGoyaA$NMzcg5d9N6jufieKF+nADLa4AdLGdMb5lFVPN8zKPm0",
            "last_login": "2022-12-07T19:24:26.108Z",
            "is_superuser": true,
            "username": "db_admin",
            "first_name": "",
            "last_name": "",
            "email": "",
            "is_staff": true,
            "is_active": true,
            "date_joined": "2022-12-04T10:09:18.495Z",
            "full_name": "db_admin",
            "is_external": false,
            "groups": [],
            "user_permissions": []
        }
    },
    {
        "model": "access_control.user",
        "pk": 2,
        "fields": {
            "password": "",
            "last_login": null,
            "is_superuser": false,
            "username": "db_internal_write",
            "first_name": "",
            "last_name": "",
            "email": "",
            "is_staff": false,
            "is_active": true,
            "date_joined": "2022-12-07T19:24:53Z",
            "full_name": "db_internal_write",
            "is_external": false,
            "groups": [],
            "user_permissions": []
        }
    },
    {
        "model": "access_control.user",
        "pk": 3,
        "fields": {
            "password": "",
            "last_login": null,
            "is_superuser": false,
            "username": "db_internal_read",
            "first_name": "",
            "last_name": "",
            "email": "",
            "is_staff": false,
            "is_active": true,
            "date_joined": "2022-12-07T19:25:06Z",
            "full_name": "db_internal_read",
            "is_external": false,
            "groups": [],
            "user_permissions": []
        }
    },
    {
        "model": "access_control.user",
        "pk": 4,
        "fields": {
            "password": "",
            "last_login": null,
            "is_superuser": false,
            "username": "db_external",
            "first_name": "",
            "last_name": "",
            "email": "",
            "is_staff": false,
            "is_active": true,
            "date_joined": "2022-12-12T18:48:08.514Z",
            "full_name": "db_external",
            "is_external": true,
            "groups": [],
            "user_permissions": []
        }
    },
    {
        "model": "access_control.user",
        "pk": 5,
        "fields": {
            "password": "",
            "last_login": null,
            "is_superuser": false,
            "username": "-product-2-api_token-",
            "first_name": "",
            "last_name": "",
            "email": "",
            "is_staff": false,
            "is_active": true,
            "date_joined": "2022-12-12T18:48:08.514Z",
            "full_name": "-product-2-api_token-",
            "is_external": true,
            "groups": [],
            "user_permissions": []
        }
    },
    {
        "model": "access_control.user",
        "pk": 6,
        "fields": {
            "password": "argon2$argon2id$v=19$m=102400,t=2,p=8$bUc4bk13R2RLSElVMlVoRENLeGoyaA$NMzcg5d9N6jufieKF+nADLa4AdLGdMb5lFVPN8zKPm0",
            "last_login": "2022-12-07T19:24:26.108Z",
            "is_superuser": false,
            "username": "db_product_group_user",
            "first_name": "",
            "last_name": "",
            "email": "",
            "is_staff": true,
            "is_active": true,
            "date_joined": "2022-12-04T10:09:18.495Z",
            "full_name": "db_product_group_user",
            "is_external": false,
            "groups": [],
            "user_permissions": []
        }
    },
    {
        "model": "access_control.authorization_group",
        "pk": 1,
        "fields": {
            "name": "oidc_group_1",
            "oidc_group": "oidc_1"
        }
    },
    {
        "model": "access_control.authorization_group",
        "pk": 2,
        "fields": {
            "name": "oidc_group_2",
            "oidc_group": "oidc_2"
        }
    },
    {
        "model": "access_control.authorization_group",
        "pk": 3,
        "fields": {
            "name": "non_oidc_group",
            "oidc_group": ""
        }
    },
    {
        "model": "access_control.authorization_group_member",
        "pk": 1,
        "fields": {
            "authorization_group": 3,
            "user": 2,
            "is_manager": true
        }
    },
    {
        "model": "access_control.authorization_group_member",
        "pk": 2,
        "fields": {
            "authorization_group": 3,
            "user": 3,
            "is_manager": false
        }
    },
    {
        "model": "access_control.authorization_group_member",
        "pk": 3,
        "fields": {
            "authorization_group": 1,
            "user": 6,
            "is_manager": false
        }
    },
    {
        "model": "access_control.authorization_group_member",
        "pk": 4,
        "fields": {
            "authorization_group": 2,
            "user": 6,
            "is_manager": false
        }
    },
    {
        "model": "core.product",
        "pk": 1,
        "fields": {
            "name": "db_product_internal",
            "description": "",
            "repository_prefix": "",
            "repository_default_branch": 1,
            "security_gate_passed": true,
            "security_gate_active": null,
            "security_gate_threshold_critical": null,
            "security_gate_threshold_high": null,
            "security_gate_threshold_medium": null,
            "security_gate_threshold_low": null,
            "security_gate_threshold_none": null,
            "security_gate_threshold_unknown": null,
            "apply_general_rules": true,
            "notification_ms_teams_webhook": "",
            "last_observation_change": "2022-12-16T16:13:18.283Z",
            "product_group": 3
        }
    },
    {
        "model": "core.product",
        "pk": 2,
        "fields": {
            "name": "db_product_external",
            "description": "",
            "repository_prefix": "",
            "security_gate_passed": null,
            "security_gate_active": false,
            "security_gate_threshold_critical": null,
            "security_gate_threshold_high": null,
            "security_gate_threshold_medium": null,
            "security_gate_threshold_low": null,
            "security_gate_threshold_none": null,
            "security_gate_threshold_unknown": null,
            "apply_general_rules": true,
            "notification_ms_teams_webhook": "",
            "last_observation_change": "2022-12-16T16:13:18.283Z"
        }
    },
    {
        "model": "core.product",
        "pk": 3,
        "fields": {
            "name": "db_product_group",
            "description": "",
            "repository_prefix": "",
            "repository_default_branch": 1,
            "security_gate_passed": true,
            "security_gate_active": null,
            "security_gate_threshold_critical": null,
            "security_gate_threshold_high": null,
            "security_gate_threshold_medium": null,
            "security_gate_threshold_low": null,
            "security_gate_threshold_none": null,
            "security_gate_threshold_unknown": null,
            "apply_general_rules": true,
            "notification_ms_teams_webhook": "",
            "last_observation_change": "2022-12-16T16:13:18.283Z",
            "is_product_group": true
        }
    },
    {
        "model": "core.product",
        "pk": 4,
        "fields": {
            "name": "db_product_group_admin_only",
            "description": "",
            "repository_prefix": "",
            "repository_default_branch": 1,
            "security_gate_passed": true,
            "security_gate_active": null,
            "security_gate_threshold_critical": null,
            "security_gate_threshold_high": null,
            "security_gate_threshold_medium": null,
            "security_gate_threshold_low": null,
            "security_gate_threshold_none": null,
            "security_gate_threshold_unknown": null,
            "apply_general_rules": true,
            "notification_ms_teams_webhook": "",
            "last_observation_change": "2022-12-16T16:13:18.283Z",
            "is_product_group": true
        }
    },
    {
        "model": "core.branch",
        "pk": 1,
        "fields": {
            "product": 1,
            "name": "db_branch_internal_dev"
        }
    },
    {
        "model": "core.branch",
        "pk": 2,
        "fields": {
            "product": 1,
            "name": "db_branch_internal_main"
        }
    },
    {
        "model": "core.branch",
        "pk": 3,
        "fields": {
            "product": 2,
            "name": "db_branch_external"
        }
    },
    {
        "model": "core.service",
        "pk": 1,
        "fields": {
            "product": 1,
            "name": "db_service_internal_backend"
        }
    },
    {
        "model": "core.service",
        "pk": 2,
        "fields": {
            "product": 1,
            "name": "db_service_internal_frontend"
        }
    },
    {
        "model": "core.service",
        "pk": 3,
        "fields": {
            "product": 2,
            "name": "db_service_external"
        }
    },
    {
        "model": "core.product_member",
        "pk": 1,
        "fields": {
            "product": 1,
            "user": 2,
            "role": 5
        }
    },
    {
        "model": "core.product_member",
        "pk": 2,
        "fields": {
            "product": 1,
            "user": 3,
            "role": 1
        }
    },
    {
        "model": "core.product_member",
        "pk": 3,
        "fields": {
            "product": 2,
            "user": 4,
            "role": 5
        }
    },
    {
        "model": "core.product_member",
        "pk": 4,
        "fields": {
            "product": 2,
            "user": 3,
            "role": 1
        }
    },
    {
        "model": "core.product_member",
        "pk": 5,
        "fields": {
            "product": 2,
            "user": 5,
            "role": 2
        }
    },
    {
        "model": "core.product_member",
        "pk": 6,
        "fields": {
            "product": 3,
            "user": 6,
            "role": 5
        }
    },
    {
        "model": "import_observations.parser",
        "pk": 1,
        "fields": {
            "name": "db_parser_file",
            "type": "DAST",
            "source": "File"
        }
    },
    {
        "model": "import_observations.parser",
        "pk": 2,
        "fields": {
            "name": "db_parser_api",
            "type": "DAST",
            "source": "API"
        }
    },
    {
        "model": "import_observations.parser",
        "pk": 3,
        "fields": {
            "name": "Manual",
            "type": "Manual",
            "source": "Manual"
        }
    },
    {
        "model": "core.observation",
        "pk": 1,
        "fields": {
            "product": 1,
            "branch": 1,
            "parser": 1,
            "title": "db_observation_internal",
            "description": "",
            "recommendation": "",
            "current_severity": "Medium",
            "numerical_severity": 3,
            "parser_severity": "Medium",
            "rule_severity": "",
            "assessment_severity": "",
            "current_status": "Duplicate",
            "parser_status": "Open",
            "rule_status": "Duplicate",
            "assessment_status": "",
            "scanner_observation_id": "",
            "vulnerability_id": "",
            "origin_component_name": "",
            "origin_component_version": "",
            "origin_component_name_version": "",
            "origin_component_purl": "",
            "origin_component_cpe": "",
            "origin_docker_image_name": "",
            "origin_docker_image_tag": "",
            "origin_docker_image_name_tag": "",
            "origin_endpoint_url": "",
            "origin_endpoint_scheme": "",
            "origin_endpoint_hostname": "",
            "origin_endpoint_port": null,
            "origin_endpoint_path": "",
            "origin_endpoint_params": "",
            "origin_endpoint_query": "",
            "origin_endpoint_fragment": "",
            "origin_service_name": "db_service_internal_backend",
            "origin_service": 1,
            "origin_source_file": "",
            "origin_source_line_start": null,
            "origin_source_line_end": null,
            "cvss3_score": null,
            "cvss3_vector": "",
            "cwe": null,
            "found": null,
            "scanner": "db_parser",
            "upload_filename": "parser.json",
            "api_configuration_name": "",
            "import_last_seen": "2022-12-15T16:14:20.870Z",
            "created": "2022-12-15T16:10:35.513Z",
            "modified": "2022-12-16T16:13:18.282Z",
            "last_observation_log": "2022-12-16T16:13:18.281Z",
            "identity_hash": "12b30c8b800bd9607d01a3cd2f1cd72af4b8c948b2e7831a48bfc2589616f0be",
            "general_rule": null,
            "product_rule": 1
        }
    },
    {
        "model": "core.observation",
        "pk": 2,
        "fields": {
            "product": 2,
            "parser": 1,
            "title": "db_observation_internal",
            "description": "",
            "recommendation": "",
            "current_severity": "Medium",
            "numerical_severity": 3,
            "parser_severity": "Medium",
            "rule_severity": "",
            "assessment_severity": "",
            "current_status": "False positive",
            "parser_status": "Open",
            "rule_status": "False positive",
            "assessment_status": "",
            "scanner_observation_id": "",
            "vulnerability_id": "",
            "origin_component_name": "",
            "origin_component_version": "",
            "origin_component_name_version": "",
            "origin_component_purl": "",
            "origin_component_cpe": "",
            "origin_docker_image_name": "",
            "origin_docker_image_tag": "",
            "origin_docker_image_name_tag": "",
            "origin_endpoint_url": "",
            "origin_endpoint_scheme": "",
            "origin_endpoint_hostname": "",
            "origin_endpoint_port": null,
            "origin_endpoint_path": "",
            "origin_endpoint_params": "",
            "origin_endpoint_query": "",
            "origin_endpoint_fragment": "",
            "origin_service_name": "",
            "origin_source_file": "",
            "origin_source_line_start": null,
            "origin_source_line_end": null,
            "cvss3_score": null,
            "cvss3_vector": "",
            "cwe": null,
            "found": null,
            "scanner": "db_parser",
            "upload_filename": "parser.json",
            "api_configuration_name": "",
            "import_last_seen": "2022-12-15T16:14:20.876Z",
            "created": "2022-12-15T16:10:35.521Z",
            "modified": "2022-12-16T16:13:18.283Z",
            "last_observation_log": "2022-12-16T16:13:18.283Z",
            "identity_hash": "da3a81cebbfa79d18f0c0ba0046edacb2428d23a93f4b561ddd54b0478d16cb9",
            "general_rule": null,
            "product_rule": 2
        }
    },
    {
        "model": "core.observation_log",
        "pk": 1,
        "fields": {
            "observation": 1,
            "user": 2,
            "severity": "Medium",
            "status": "Open",
            "comment": "Set by parser",
            "created": "2022-12-15T16:10:35.518Z"
        }
    },
    {
        "model": "core.observation_log",
        "pk": 2,
        "fields": {
            "observation": 1,
            "user": 2,
            "severity": "",
            "status": "Duplicate",
            "comment": "Set by product rule",
            "created": "2022-12-15T16:10:35.524Z"
        }
    },
    {
        "model": "core.observation_log",
        "pk": 3,
        "fields": {
            "observation": 2,
            "user": 4,
            "severity": "Medium",
            "status": "Open",
            "comment": "Set by parser",
            "created": "2022-12-15T16:11:28.326Z"
        }
    },
    {
        "model": "core.observation_log",
        "pk": 4,
        "fields": {
            "observation": 2,
            "user": 4,
            "severity": "",
            "status": "False positive",
            "comment": "Set by product rule",
            "created": "2022-12-15T16:12:23.196Z"
        }
    },
    {
        "model": "import_observations.api_configuration",
        "pk": 1,
        "fields": {
            "product": 1,
            "name": "db_api_configuration_internal",
            "parser": 2,
            "base_url": "http://localhost:8080",
            "project_key": "secobserve",
            "api_key": "__secret__"
        }
    },
    {
        "model": "import_observations.api_configuration",
        "pk": 2,
        "fields": {
            "product": 2,
            "name": "db_api_configuration_external",
            "parser": 2,
            "base_url": "http://localhost:8080",
            "project_key": "secobserve",
            "api_key": "__secret__"
        }
    },
    {
        "model": "import_observations.vulnerability_check",
        "pk": 1,
        "fields": {
            "product": 1,
            "branch": null,
            "filename": "filename_internal_no_branch",
            "api_configuration_name": "",
            "scanner": "scanner_internal_no_branch / 1.0.0",
            "first_import": "2022-12-15T16:10:35.521Z",
            "last_import": "2022-12-15T16:10:35.854Z",
            "last_import_observations_new": 1,
            "last_import_observations_updated": 2,
            "last_import_observations_resolved": 3
        }
    },
    {
        "model": "import_observations.vulnerability_check",
        "pk": 2,
        "fields": {
            "product": 1,
            "branch": 1,
            "filename": "",
            "api_configuration_name": "api_configuration_internal_dev",
            "scanner": "scanner_internal_dev",
            "first_import": "2022-12-16T16:10:35.521Z",
            "last_import": "2022-12-16T16:10:35.854Z",
            "last_import_observations_new": 4,
            "last_import_observations_updated": 5,
            "last_import_observations_resolved": 6
        }
    },
    {
        "model": "import_observations.vulnerability_check",
        "pk": 3,
        "fields": {
            "product": 2,
            "branch": 3,
            "filename": "filename_external",
            "api_configuration_name": "",
            "scanner": "scanner_external",
            "first_import": "2022-12-17T16:10:35.521Z",
            "last_import": "2022-12-17T16:10:35.854Z",
            "last_import_observations_new": 7,
            "last_import_observations_updated": 8,
            "last_import_observations_resolved": 9
        }
    },
    {
        "model": "rules.rule",
        "pk": 1,
        "fields": {
            "name": "db_product_rule_internal",
            "description": "",
            "product": 1,
            "parser": 1,
            "scanner_prefix": "",
            "title": "",
            "origin_component_name_version": "",
            "origin_docker_image_name_tag": "",
            "origin_endpoint_url": "",
            "origin_service_name": "",
            "origin_source_file": "",
            "new_severity": "",
            "new_status": "Duplicate",
            "enabled": true
        }
    },
    {
        "model": "rules.rule",
        "pk": 2,
        "fields": {
            "name": "db_product_rule_external",
            "description": "",
            "product": 2,
            "parser": 1,
            "scanner_prefix": "",
            "title": "",
            "origin_component_name_version": "",
            "origin_docker_image_name_tag": "",
            "origin_endpoint_url": "",
            "origin_service_name": "",
            "origin_source_file": "",
            "new_severity": "",
            "new_status": "False positive",
            "enabled": true
        }
    },
    {
        "model": "rules.rule",
        "pk": 3,
        "fields": {
            "name": "db_general_rule",
            "description": "",
            "product": null,
            "parser": 1,
            "scanner_prefix": "",
            "title": "",
            "origin_component_name_version": "",
            "origin_docker_image_name_tag": "",
            "origin_endpoint_url": "",
            "origin_service_name": "",
            "origin_source_file": "",
            "new_severity": "",
            "new_status": "",
            "enabled": true
        }
    },
    {
        "model": "core.evidence",
        "pk": 1,
        "fields": {
            "observation": 1,
            "name": "db_evidence_internal",
            "evidence": "abc"
        }
    },
    {
        "model": "core.evidence",
        "pk": 2,
        "fields": {
            "observation": 2,
            "name": "db_evidence_external",
            "evidence": "xyz"
        }
    },
    {
        "model": "core.potential_duplicate",
        "pk": 1,
        "fields": {
            "observation": 1,
            "potential_duplicate_observation": "1",
            "type": "Component"
        }
    },
    {
        "model": "core.potential_duplicate",
        "pk": 2,
        "fields": {
            "observation": 2,
            "potential_duplicate_observation": "2",
            "type": "Source"
        }
    },
    {
        "model": "notifications.notification",
        "pk": 1,
        "fields": {
            "type": "Exception",
            "name": "exception_internal",
            "created": "2022-12-15T16:10:35.518Z",
            "message": "message_exception_internal",
            "user": 2,
            "product": 1,
            "observation": 1
        }
    },
    {
        "model": "notifications.notification",
        "pk": 2,
        "fields": {
            "type": "Exception",
            "name": "exception_external",
            "created": "2022-12-15T16:10:35.518Z",
            "message": "message_exception_external",
            "user": 4,
            "product": 2,
            "observation": 2
        }
    },
    {
        "model": "notifications.notification",
        "pk": 3,
        "fields": {
            "type": "Security gate",
            "name": "security_gate_internal",
            "created": "2022-12-15T16:10:35.518Z",
            "user": 2,
            "product": 1,
            "observation": 1
        }
    },
    {
        "model": "notifications.notification",
        "pk": 4,
        "fields": {
            "type": "Security gate",
            "name": "security_gate_internal",
            "created": "2022-12-15T16:10:35.518Z",
            "user": 4,
            "product": 2,
            "observation": 2
        }
    },
    {
        "model": "notifications.notification",
        "pk": 5,
        "fields": {
            "type": "Task",
            "name": "task_internal",
            "created": "2022-12-15T16:10:35.518Z",
            "message": "message_task_internal",
            "function": "function_task_internal",
            "arguments": "arguments_task_internal",
            "user": 2,
            "product": 1,
            "observation": 1
        }
    },
    {
        "model": "notifications.notification",
        "pk": 6,
        "fields": {
            "type": "Task",
            "name": "task_external",
            "created": "2022-12-15T16:10:35.518Z",
            "message": "message_task_external",
            "function": "function_task_external",
            "arguments": "arguments_task_external",
            "user": 4,
            "product": 2,
            "observation": 2
        }
    },
    {
        "model": "metrics.product_metrics",
        "pk": 1,
        "fields": {
            "product": 1,
            "date": "2022-07-09",
            "open_critical": 1,
            "open_high": 2,
            "open_medium": 3,
            "open_low": 4,
            "open_none": 5,
            "open_unknown": 6,
            "open": 7,
            "resolved": 8,
            "duplicate": 9,
            "false_positive": 10,
            "in_review": 11,
            "not_affected": 12,
            "not_security": 13,
            "risk_accepted": 14
        }
    },
    {
        "model": "metrics.product_metrics",
        "pk": 2,
        "fields": {
            "product": 1,
            "date": "2022-07-10",
            "open_critical": 2,
            "open_high": 3,
            "open_medium": 4,
            "open_low": 5,
            "open_none": 6,
            "open_unknown": 7,
            "open": 8,
            "resolved": 9,
            "duplicate": 10,
            "false_positive": 11,
            "in_review": 12,
            "not_affected": 13,
            "not_security": 14,
            "risk_accepted": 15
        }
    },
    {
        "model": "metrics.product_metrics",
        "pk": 3,
        "fields": {
            "product": 2,
            "date": "2022-07-09",
            "open_critical": 4,
            "open_high": 5,
            "open_medium": 6,
            "open_low": 7,
            "open_none": 8,
            "open_unknown": 9,
            "open": 10,
            "resolved": 11,
            "duplicate": 12,
            "false_positive": 13,
            "in_review": 14,
            "not_affected": 15,
            "not_security": 16,
            "risk_accepted": 17
        }
    },
    {
        "model": "metrics.product_metrics",
        "pk": 4,
        "fields": {
            "product": 2,
            "date": "2022-07-10",
            "open_critical": 5,
            "open_high": 6,
            "open_medium": 7,
            "open_low": 8,
            "open_none": 9,
            "open_unknown": 10,
            "open": 11,
            "resolved": 12,
            "duplicate": 13,
            "false_positive": 14,
            "in_review": 15,
            "not_affected": 16,
            "not_security": 17,
            "risk_accepted": 18
        }
    },
    {
        "model": "vex.csaf",
        "pk": 1,
        "fields": {
            "user": 4,
            "product": 1,
            "document_id_prefix": "csaf_prefix",
            "document_base_id": "2024_0001",
            "version": 1,
            "content_hash": "abcdef123456",
            "title": "csaf_title_product",
            "tlp_label": "AMBER",
            "tracking_status": "final",
            "publisher_name": "publisher name",
            "publisher_category": "publisher category",
            "publisher_namespace": "https://publisher.namespace",
            "tracking_initial_release_date": "2022-12-15T16:10:35.513Z",
            "tracking_current_release_date": "2022-12-16T16:13:18.282Z"
        }
    },
    {
        "model": "vex.csaf",
        "pk": 2,
        "fields": {
            "user": 4,
            "product": null,
            "document_id_prefix": "csaf_prefix",
            "document_base_id": "2024_0002",
            "version": 1,
            "content_hash": "abcdef123456",
            "title": "csaf_title_vulnerability",
            "tlp_label": "RED",
            "tracking_status": "final",
            "publisher_name": "publisher name",
            "publisher_category": "publisher category",
            "publisher_namespace": "https://publisher.namespace",
            "tracking_initial_release_date": "2022-12-15T16:10:35.513Z",
            "tracking_current_release_date": "2022-12-16T16:13:18.282Z"
        }
    },
    {
        "model": "vex.csaf_branch",
        "pk": 1,
        "fields": {
            "csaf": 1,
            "branch": 1
        }
    },
    {
        "model": "vex.csaf_branch",
        "pk": 2,
        "fields": {
            "csaf": 2,
            "branch": 2
        }
    },
    {
        "model": "vex.csaf_vulnerability",
        "pk": 1,
        "fields": {
            "csaf": 2,
            "name": "CVE_vulnerability"
        }
    },
    {
        "model": "vex.csaf_vulnerability",
        "pk": 2,
        "fields": {
            "csaf": 1,
            "name": "CVE_vulnerability_1"
        }
    },
    {
        "model": "vex.openvex",
        "pk": 1,
        "fields": {
            "user": 4,
            "product": 1,
            "document_id_prefix": "openvex_prefix",
            "document_base_id": "2024_0001",
            "version": 1,
            "content_hash": "abcdef123456",
            "id_namespace": "https://id.namespace",
            "author": "author",
            "role": "role",
            "timestamp": "2022-12-15T16:10:35.513Z",
            "last_updated": "2022-12-16T16:13:18.282Z"
        }
    },
    {
        "model": "vex.openvex",
        "pk": 2,
        "fields": {
            "user": 4,
            "product": null,
            "document_id_prefix": "openvex_prefix",
            "document_base_id": "2024_0002",
            "version": 1,
            "content_hash": "abcdef123456",
            "id_namespace": "https://id.namespace",
            "author": "author",
            "role": "role",
            "timestamp": "2022-12-15T16:10:35.513Z",
            "last_updated": "2022-12-16T16:13:18.282Z"
        }
    },
    {
        "model": "vex.openvex_branch",
        "pk": 1,
        "fields": {
            "openvex": 1,
            "branch": 1
        }
    },
    {
        "model": "vex.openvex_branch",
        "pk": 2,
        "fields": {
            "openvex": 2,
            "branch": 2
        }
    },
    {
        "model": "vex.openvex_vulnerability",
        "pk": 1,
        "fields": {
            "openvex": 2,
            "name": "CVE_vulnerability"
        }
    },
    {
        "model": "vex.openvex_vulnerability",
        "pk": 2,
        "fields": {
            "openvex": 1,
            "name": "CVE_vulnerability_1"
        }
    },
    {
        "model": "vex.vex_counter",
        "pk": 1,
        "fields": {
            "document_id_prefix": "prefix",
            "year": 2024,
            "counter": 2

        }
    }
]
